Workbook

Sheet raw_data
A1: state | B1: urdb_rate_id | C1: urdb_rate_id_new | D1: rate_change (Y/N)
A2: alabama | B2: 55dce7f15457a31463687726 | C2: 55dce7f15457a31463687726 | D2: =IF($C2 = $B2, "N", "Y") -> N
A3: alabama | B3: 539fba55ec4f024bc1dc2c69 | C3: 539fba55ec4f024bc1dc2c69 | D3: =IF($C3 = $B3, "N", "Y") -> N
A4: alabama | B4: 539fc89aec4f024d2f53e8a2 | C4: 539fc89aec4f024d2f53e8a2 | D4: =IF($C4 = $B4, "N", "Y") -> N
A5: alabama | B5: 539f6adbec4f024411ec9557 | C5: 539f6adbec4f024411ec9557 | D5: =IF($C5 = $B5, "N", "Y") -> N
A6: alabama | B6: 539f6f43ec4f024411eccc55 | C6: 539f6f43ec4f024411eccc55 | D6: =IF($C6 = $B6, "N", "Y") -> N
A7: alabama | B7: 53beb5955257a37b15b4b9ff | C7: 53beb5955257a37b15b4b9ff | D7: =IF($C7 = $B7, "N", "Y") -> N
A8: alabama | B8: 539fbf58ec4f024c27d89047 | C8: 539fbf58ec4f024c27d89047 | D8: =IF($C8 = $B8, "N", "Y") -> N
A9: alabama | B9: 5d24fc385457a3771cdc131e | C9: 67e18431cff512d3ad0e25ae | D9: =IF($C9 = $B9, "N", "Y") -> Y
A10: alabama | B10: 539f6baeec4f024411ec9fef | C10: 539fc7f0ec4f024d2f53e160 | D10: =IF($C10 = $B10, "N", "Y") -> Y
A11: alabama | B11: 53aafa2b5257a3ea481cfe37 | C11: 53aafa2b5257a3ea481cfe37 | D11: =IF($C11 = $B11, "N", "Y") -> N
A12: alabama | B12: 53e8cb245257a3a6260643f5 | C12: 53e8cb245257a3a6260643f5 | D12: =IF($C12 = $B12, "N", "Y") -> N
A13: alabama | B13: 5b3296ed5457a367478367c0 | C13: 5b3296ed5457a367478367c0 | D13: =IF($C13 = $B13, "N", "Y") -> N
... A1841: wyoming | B1841: 539f7539ec4f024411ed1191 | C1841: 539f7539ec4f024411ed1191 | D1841: =IF($C1841 = $B1841, "N", "Y") -> N

Sheet processed data
A1: urdb_rate_id_new_unique | B1: rate_change (Y/N)
A2: 55dce7f15457a31463687726 | B2: =INDEX(raw_data!$D$2:$D$1841, MATCH('processed data'!$A2, raw_data!$C$2:$C$1841, 0)) -> N | D2: Yes | E2: =COUNTIFS($B$2:$B$1743, "Y") -> 386 | F2: =E2/$E$4 -> 0.22158439
A3: 539fba55ec4f024bc1dc2c69 | B3: =INDEX(raw_data!$D$2:$D$1841, MATCH('processed data'!$A3, raw_data!$C$2:$C$1841, 0)) -> N | D3: No | E3: =COUNTIFS($B$2:$B$1743, "N") -> 1356 | F3: =E3/$E$4 -> 0.77841561
A4: 539fc89aec4f024d2f53e8a2 | B4: =INDEX(raw_data!$D$2:$D$1841, MATCH('processed data'!$A4, raw_data!$C$2:$C$1841, 0)) -> N | D4: Total | E4: =SUM(E2:E3) -> 1742 | F4: =E4/$E$4 -> 1
A5: 539f6adbec4f024411ec9557 | B5: =INDEX(raw_data!$D$2:$D$1841, MATCH('processed data'!$A5, raw_data!$C$2:$C$1841, 0)) -> N
A6: 539f6f43ec4f024411eccc55 | B6: =INDEX(raw_data!$D$2:$D$1841, MATCH('processed data'!$A6, raw_data!$C$2:$C$1841, 0)) -> N
A7: 53beb5955257a37b15b4b9ff | B7: =INDEX(raw_data!$D$2:$D$1841, MATCH('processed data'!$A7, raw_data!$C$2:$C$1841, 0)) -> N
A8: 539fbf58ec4f024c27d89047 | B8: =INDEX(raw_data!$D$2:$D$1841, MATCH('processed data'!$A8, raw_data!$C$2:$C$1841, 0)) -> N
A9: 67e18431cff512d3ad0e25ae | B9: =INDEX(raw_data!$D$2:$D$1841, MATCH('processed data'!$A9, raw_data!$C$2:$C$1841, 0)) -> Y
A10: 539fc7f0ec4f024d2f53e160 | B10: =INDEX(raw_data!$D$2:$D$1841, MATCH('processed data'!$A10, raw_data!$C$2:$C$1841, 0)) -> Y
A11: 53aafa2b5257a3ea481cfe37 | B11: =INDEX(raw_data!$D$2:$D$1841, MATCH('processed data'!$A11, raw_data!$C$2:$C$1841, 0)) -> N
A12: 53e8cb245257a3a6260643f5 | B12: =INDEX(raw_data!$D$2:$D$1841, MATCH('processed data'!$A12, raw_data!$C$2:$C$1841, 0)) -> N
A13: 5b3296ed5457a367478367c0 | B13: =INDEX(raw_data!$D$2:$D$1841, MATCH('processed data'!$A13, raw_data!$C$2:$C$1841, 0)) -> N
A14: 539f6f78ec4f024411ecceed | B14: =INDEX(raw_data!$D$2:$D$1841, MATCH('processed data'!$A14, raw_data!$C$2:$C$1841, 0)) -> N
A15: 539fb810ec4f024bc1dc12af | B15: =INDEX(raw_data!$D$2:$D$1841, MATCH('processed data'!$A15, raw_data!$C$2:$C$1841, 0)) -> N
A16: 539fbf7dec4f024c27d8920b | B16: =INDEX(raw_data!$D$2:$D$1841, MATCH('processed data'!$A16, raw_data!$C$2:$C$1841, 0)) -> N
... A1743: 539f7539ec4f024411ed1191 | B1743: =INDEX(raw_data!$D$2:$D$1841, MATCH('processed data'!$A1743, raw_data!$C$2:$C$1841, 0)) -> N
